user,hashtag
rskedgell,tflcid
rskedgell,tflcid
rskedgell,tfcid
rskedgell,tfcid
rskedgell,tflcid
rskedgell,tflcid
rskedgell,tflcid
rskedgell,surveyme
rskedgell,waymap
rskedgell,tflcid
rskedgell,tflcid
rskedgell,tflcid
rskedgell,tflcid
rskedgell,tflcid
rskedgell,tflcid
rskedgell,tflcid
rskedgell,tflcid
rskedgell,explorunning
rskedgell,tflcid
rskedgell,tflcid
rskedgell,tflcid
rskedgell,waymap
rskedgell,waymap
rskedgell,waymap
rskedgell,waymap
rskedgell,waymap
rskedgell,waymap
rskedgell,waymap
rskedgell,waymap
rskedgell,waymap
rskedgell,waymap
rskedgell,waymap
rskedgell,waymap
rskedgell,waymap
rskedgell,waymap
rskedgell,waymap
rskedgell,tflcid
rskedgell,tflcid
rskedgell,tflcid
rskedgell,dwg
rskedgell,waymap
rskedgell,waymap
rskedgell,waymap
rskedgell,waymap
rskedgell,waymap
rskedgell,waymap
rskedgell,waymap
rskedgell,waymap
rskedgell,waymap
rskedgell,waymap
rskedgell,waymap
rskedgell,tflcid
rskedgell,waymap
rskedgell,tflcid
rskedgell,tflcid
rskedgell,tflcid
rskedgell,waymap
rskedgell,waymap
rskedgell,waymap
rskedgell,waymap
rskedgell,waymap
rskedgell,waymap
rskedgell,waymap
rskedgell,tflcid
rskedgell,waymap
rskedgell,tflcid
rskedgell,waymap
rskedgell,waymap
rskedgell,tflcid
rskedgell,waymap
rskedgell,waymap
rskedgell,waymap
rskedgell,waymap
rskedgell,waymap
rskedgell,waymap
rskedgell,waymap
rskedgell,waymap
rskedgell,waymap
rskedgell,waymap
rskedgell,waymap
rskedgell,waymap
rskedgell,waymap
rskedgell,waymap
rskedgell,tflcid
rskedgell,tflcid
rskedgell,tflcid
rskedgell,tflcid
rskedgell,tflcid
rskedgell,tflcid
rskedgell,tflcid
rskedgell,tflcid
rskedgell,tflcid
rskedgell,waymap
rskedgell,waymap
rskedgell,waymap
rskedgell,waymap
rskedgell,waymap
rskedgell,waymap
rskedgell,waymap
rskedgell,waymap
rskedgell,waymap
rskedgell,waymap
rskedgell,waymap
rskedgell,waymap
rskedgell,tflcid
rskedgell,waymap
rskedgell,waymap
rskedgell,waymap
rskedgell,waymap
rskedgell,waymap
rskedgell,dwg
rskedgell,tflcid
rskedgell,tflcid
rskedgell,tflcid
rskedgell,tflcid
rskedgell,tflcid
rskedgell,tflcid
rskedgell,tflcid
rskedgell,tflcid
rskedgell,tflcid
rskedgell,tflcid
rskedgell,tflcid
rskedgell,tflcid
rskedgell,tflcid
rskedgell,surveyme
rskedgell,tflcid
rskedgell,tflcid
rskedgell,tflcid
rskedgell,tflcid
rskedgell,tflcid
rskedgell,tflcid
rskedgell,tflcid
rskedgell,quest_accessible_for_pedestrians
rskedgell,quest_accessible_for_pedestrians
rskedgell,quest_accessible_for_pedestrians
rskedgell,quest_accessible_for_pedestrians
rskedgell,quest_accessible_for_pedestrians
rskedgell,quest_accessible_for_pedestrians
rskedgell,quest_accessible_for_pedestrians
rskedgell,quest_accessible_for_pedestrians
rskedgell,waymap
rskedgell,waymap
rskedgell,waymap
rskedgell,waymap
rskedgell,tflcid
rskedgell,tflcid
rskedgell,tflcid
rskedgell,quest_accessible_for_pedestrians
rskedgell,quest_accessible_for_pedestrians
rskedgell,quest_accessible_for_pedestrians
mga_geo,bano
mga_geo,pifometre
mga_geo,bano
mga_geo,pifometre
mga_geo,bano
mga_geo,pifometre
rskedgell,tflcid
rskedgell,dwg
rskedgell,dwg
mga_geo,map
rskedgell,maproulette
rskedgell,maproulette
mga_geo,maproulette
mga_geo,tomtom
rskedgell,tflcid
rskedgell,waymap
rskedgell,tflcid
rskedgell,tflcid
rskedgell,busmiles
rskedgell,busmiles
rskedgell,addprohibitedforpedestrians
rskedgell,streetcomplete
rskedgell,addprohibitedforpedestrians
rskedgell,streetcomplete
rskedgell,addprohibitedforpedestrians
rskedgell,streetcomplete
rskedgell,tflcid
rskedgell,tflcid
rskedgell,tflcid
rskedgell,tflcid
rskedgell,dwg
rskedgell,tomtom
rskedgell,addr
rskedgell,quest_accessible_for_pedestrians
rskedgell,quest_accessible_for_pedestrians
rskedgell,tflcid
rskedgell,tflcid
rskedgell,tflcid
rskedgell,addprohibitedforpedestrians
rskedgell,streetcomplete
rskedgell,addprohibitedforpedestrians
rskedgell,streetcomplete
rskedgell,tflcid
rskedgell,waymap
mga_geo,mapbox_roundabouts_france
mga_geo,mapbox_roundabouts_france
mga_geo,mapbox_roundabouts_france
rskedgell,a3331e
rskedgell,maproulette
rskedgell,maproulette
rskedgell,maproulette
rskedgell,maproulette
rskedgell,maproulette
rskedgell,maproulette
rskedgell,maproulette
rskedgell,maproulette
rskedgell,maproulette
rskedgell,maproulette
rskedgell,addprohibitedforpedestrians
rskedgell,streetcomplete
rskedgell,addprohibitedforpedestrians
rskedgell,streetcomplete
rskedgell,addprohibitedforpedestrians
rskedgell,streetcomplete
rskedgell,addprohibitedforpedestrians
rskedgell,streetcomplete
rskedgell,addprohibitedforpedestrians
rskedgell,streetcomplete
rskedgell,addprohibitedforpedestrians
rskedgell,streetcomplete
rskedgell,dwg
rskedgell,https
rskedgell,quest_accessible_for_pedestrians
rskedgell,quest_accessible_for_pedestrians
rskedgell,quest_accessible_for_pedestrians
rskedgell,tflcid
rskedgell,streetcomplete
rskedgell,tomtom
rskedgell,addprohibitedforpedestrians
rskedgell,streetcomplete
rskedgell,addprohibitedforpedestrians
rskedgell,streetcomplete
rskedgell,addprohibitedforpedestrians
rskedgell,streetcomplete
rskedgell,addprohibitedforpedestrians
rskedgell,streetcomplete
rskedgell,londonwalkabout
rskedgell,londonwalkabout
rskedgell,londonwalkabout
rskedgell,londonwalkabout
rskedgell,londonwalkabout
rskedgell,londonwalkabout
rskedgell,londonwalkabout
rskedgell,waymap
rskedgell,waymap
rskedgell,waymap
rskedgell,waymap
rskedgell,tflcid
rskedgell,waymap
rskedgell,tflcid
rskedgell,waymap
rskedgell,tflcid
rskedgell,waymap
rskedgell,waymap
rskedgell,tflcid
rskedgell,tflcid
rskedgell,addprohibitedforpedestrians
rskedgell,streetcomplete
rskedgell,addprohibitedforpedestrians
rskedgell,streetcomplete
rskedgell,addprohibitedforpedestrians
rskedgell,streetcomplete
rskedgell,addprohibitedforpedestrians
rskedgell,streetcomplete
rskedgell,addprohibitedforpedestrians
rskedgell,streetcomplete
rskedgell,addprohibitedforpedestrians
rskedgell,streetcomplete
rskedgell,addprohibitedforpedestrians
rskedgell,streetcomplete
rskedgell,londonwalkabout
rskedgell,mapwithoutai
rskedgell,londonwalkabout
rskedgell,londonwalkabout
rskedgell,londonwalkabout
rskedgell,londonwalkabout
rskedgell,londonwalkabout
rskedgell,londonwalkabout
rskedgell,londonwalkabout
rskedgell,londonwalkabout
rskedgell,londonwalkabout
rskedgell,londonwalkabout
rskedgell,londonwalkabout
rskedgell,londonwalkabout
rskedgell,londonwalkabout
rskedgell,waymap
rskedgell,waymap
rskedgell,waymap
rskedgell,waymap
rskedgell,waymap
rskedgell,waymap
rskedgell,waymap
rskedgell,waymap
rskedgell,waymap
rskedgell,waymap
rskedgell,waymap
rskedgell,waymap
rskedgell,streetcomplete
rskedgell,waymap
rskedgell,waymap
rskedgell,waymap
rskedgell,waymap
rskedgell,streetcomplete
rskedgell,streetcomplete
rskedgell,streetcomplete
rskedgell,streetcomplete
rskedgell,tflcid
rskedgell,tflcid
rskedgell,amap
rskedgell,amap
rskedgell,amap
rskedgell,amap
mga_geo,maproulette
mga_geo,tomtom
rskedgell,addprohibitedforpedestrians
rskedgell,streetcomplete
rskedgell,waymap
rskedgell,decorativesidewalks
multimob,rue
rskedgell,tflcid
rskedgell,dwg
rskedgell,addprohibitedforpedestrians
rskedgell,streetcomplete
rskedgell,addprohibitedforpedestrians
rskedgell,streetcomplete
rskedgell,addprohibitedforpedestrians
rskedgell,streetcomplete
rskedgell,addprohibitedforpedestrians
rskedgell,streetcomplete
rskedgell,addprohibitedforpedestrians
rskedgell,streetcomplete
rskedgell,addprohibitedforpedestrians
rskedgell,streetcomplete
rskedgell,addprohibitedforpedestrians
rskedgell,streetcomplete
rskedgell,addprohibitedforpedestrians
rskedgell,streetcomplete
rskedgell,addprohibitedforpedestrians
rskedgell,streetcomplete
mga_geo,bano
mga_geo,pifometre
mga_geo,bano
mga_geo,pifometre
mga_geo,maproulette
mga_geo,tomtom
rskedgell,maproulette
rskedgell,mlcrossingdetection
rskedgell,maproulette
rskedgell,mlcrossingdetection
rskedgell,maproulette
rskedgell,mlcrossingdetection
rskedgell,maproulette
rskedgell,mlcrossingdetection
rskedgell,maproulette
rskedgell,mlcrossingdetection
rskedgell,maproulette
rskedgell,mlcrossingdetection
rskedgell,maproulette
rskedgell,mlcrossingdetection
rskedgell,maproulette
rskedgell,mlcrossingdetection
rskedgell,maproulette
rskedgell,mlcrossingdetection
rskedgell,maproulette
rskedgell,mlcrossingdetection
rskedgell,maproulette
rskedgell,mlcrossingdetection
rskedgell,addprohibitedforpedestrians
rskedgell,streetcomplete
rskedgell,ukqp
rskedgell,ukqp
rskedgell,ukqp
rskedgell,ukqp
rskedgell,ukqp
rskedgell,ukqp
rskedgell,ukqp
rskedgell,ukqp
rskedgell,ukqp
rskedgell,ukqp
rskedgell,ukqp
rskedgell,ukqp
rskedgell,ukqp
rskedgell,ukqp
rskedgell,ukqp
rskedgell,ukqp
rskedgell,ukqp
rskedgell,ukqp
rskedgell,ukqp
rskedgell,ukqp
rskedgell,ukqp
rskedgell,addmaxspeed
rskedgell,streetcomplete
rskedgell,busmiles
rskedgell,use_on_ways
rskedgell,use_on_ways
rskedgell,addprohibitedforpedestrians
rskedgell,streetcomplete
rskedgell,addprohibitedforpedestrians
rskedgell,streetcomplete
rskedgell,addprohibitedforpedestrians
rskedgell,streetcomplete
rskedgell,addprohibitedforpedestrians
rskedgell,streetcomplete
rskedgell,busmiles
rskedgell,busmiles
rskedgell,busmiles
rskedgell,busmiles
rskedgell,waymap
rskedgell,waymap
murble,osm
rskedgell,tflcid
rskedgell,tflcid
rskedgell,addprohibitedforpedestrians
rskedgell,streetcomplete
rskedgell,busmiles
rskedgell,busmiles
rskedgell,busmiles
rskedgell,londonwalkabout
rskedgell,londonwalkabout
rskedgell,londonwalkabout
rskedgell,londonwalkabout
rskedgell,busmiles
rskedgell,busmiles
rskedgell,busmiles
rskedgell,busmiles
rskedgell,busmiles
rskedgell,busmiles
rskedgell,busmiles
rskedgell,busmiles
rskedgell,busmiles
rskedgell,busmiles
rskedgell,mappingfortherenderer
rskedgell,maproulette
rskedgell,tomtom
rskedgell,tt_mapfeedback
rskedgell,maproulette
rskedgell,tomtom
rskedgell,tt_mapfeedback
rskedgell,tflcid
rskedgell,addprohibitedforpedestrians
rskedgell,streetcomplete
rskedgell,waymap
rskedgell,mapwithai
rskedgell,walkaboutlondon
rskedgell,mapwithai
rskedgell,walkaboutlondon
rskedgell,mapwithai
rskedgell,walkaboutlondon
rskedgell,mapwithai
rskedgell,walkaboutlondon
mga_geo,maproulette
mga_geo,tomtom
rskedgell,tflcid
rskedgell,tflcid
rskedgell,dwg
rskedgell,dwg
rskedgell,dwg
rskedgell,dwg
rskedgell,dwg
rskedgell,londonwalkabout
rskedgell,londonwalkabout
rskedgell,londonwalkabout
rskedgell,londonwalkabout
rskedgell,londonwalkabout
rskedgell,use_on_ways
rskedgell,use_on_ways
rskedgell,use_on_ways
rskedgell,use_on_ways
rskedgell,use_on_ways
rskedgell,use_on_ways
rskedgell,use_on_ways
rskedgell,use_on_ways
rskedgell,use_on_ways
rskedgell,use_on_ways
rskedgell,use_on_ways
rskedgell,use_on_ways
rskedgell,use_on_ways
rskedgell,use_on_ways
rskedgell,use_on_ways
rskedgell,use_on_ways
rskedgell,use_on_ways
rskedgell,use_on_ways
rskedgell,use_on_ways
mga_geo,ticket
mga_geo,ticket
multimob,waversesteenweg
rskedgell,ukqp
rskedgell,ukqp
rskedgell,ukqp
rskedgell,ukqp
rskedgell,use_on_ways
rskedgell,use_on_ways
rskedgell,use_on_ways
rskedgell,use_on_ways
rskedgell,use_on_ways
rskedgell,maproulette
rskedgell,maproulette
rskedgell,maproulette
rskedgell,maproulette
rskedgell,maproulette
rskedgell,maproulette
rskedgell,maproulette
multimob,rue
rskedgell,waymap
rskedgell,use_on_ways
rskedgell,use_on_ways
rskedgell,use_on_ways
rskedgell,use_on_ways
rskedgell,use_on_ways
rskedgell,use_on_ways
rskedgell,mlcrossingdetection
rskedgell,use_on_ways
rskedgell,waymap
rskedgell,waymap
rskedgell,waymap
rskedgell,maproulette
rskedgell,mlcrossingdetection
rskedgell,maproulette
rskedgell,mlcrossingdetection
rskedgell,maproulette
rskedgell,mlcrossingdetection
rskedgell,maproulette
rskedgell,mlcrossingdetection
rskedgell,maproulette
rskedgell,mlcrossingdetection
multimob,kapucijnenvoer
multimob,tessenstraat
rskedgell,ukqp
rskedgell,ukqp
rskedgell,ukqp
rskedgell,ukqp
rskedgell,ukqp
rskedgell,ukqp
rskedgell,ukqp
rskedgell,ukqp
rskedgell,ukqp
rskedgell,ukqp
rskedgell,ukqp
rskedgell,ukqp
rskedgell,use_on_ways
rskedgell,use_on_ways
rskedgell,use_on_ways
rskedgell,use_on_ways
rskedgell,use_on_ways
rskedgell,use_on_ways
rskedgell,use_on_ways
rskedgell,tflcid
rskedgell,waymap
rskedgell,waymap
rskedgell,waymap
rskedgell,addprohibitedforpedestrians
rskedgell,streetcomplete
rskedgell,waymap
rskedgell,waymap
rskedgell,use_on_ways
rskedgell,use_on_ways
rskedgell,use_on_ways
rskedgell,use_on_ways
rskedgell,use_on_ways
rskedgell,use_on_ways
rskedgell,use_on_ways
rskedgell,use_on_ways
rskedgell,use_on_ways
rskedgell,use_on_ways
rskedgell,use_on_ways
rskedgell,use_on_ways
rskedgell,use_on_ways
rskedgell,use_on_ways
rskedgell,use_on_ways
rskedgell,use_on_ways
rskedgell,use_on_ways
rskedgell,use_on_ways
rskedgell,use_on_ways
rskedgell,use_on_ways
rskedgell,use_on_ways
rskedgell,addprohibitedforpedestrians
rskedgell,streetcomplete
rskedgell,addprohibitedforpedestrians
rskedgell,streetcomplete
rskedgell,addprohibitedforpedestrians
rskedgell,streetcomplete
rskedgell,mapwithai
rskedgell,waymap
rskedgell,waymap
rskedgell,waymap
rskedgell,waymap
rskedgell,use_on_ways
rskedgell,use_on_ways
rskedgell,use_on_ways
rskedgell,use_on_ways
rskedgell,use_on_ways
rskedgell,use_on_ways
rskedgell,use_on_ways
rskedgell,use_on_ways
rskedgell,use_on_ways
rskedgell,use_on_ways
rskedgell,maproulette
rskedgell,unattachedcrossingnodes
rskedgell,use_on_ways
rskedgell,use_on_ways
rskedgell,use_on_ways
rskedgell,use_on_ways
rskedgell,use_on_ways
rskedgell,use_on_ways
